Model,Accuracy,Balanced Accuracy,Precision,Recall,F1,ROC-AUC,PR-AUC
Gradient Boosting,0.7755102040816326,0.5416666666666666,0.7708333333333334,1.0,0.8705882352941177,0.7387387387387389,0.9111450830823848
Random Forest,0.7551020408163265,0.5,0.7551020408163265,1.0,0.8604651162790697,0.6903153153153153,0.9014593669997096
Logistic Regression,0.6122448979591837,0.4617117117117117,0.7368421052631579,0.7567567567567568,0.7466666666666667,0.6148648648648649,0.8800902749072621
SVM,0.5714285714285714,0.40653153153153154,0.7105263157894737,0.7297297297297297,0.72,0.49549549549549554,0.7921222100713436
